PATIENT_ID,MRN,FIRST_NAME,LAST_NAME,DATE_OF_BIRTH,SEX,GENDER_IDENTITY,RACE,ETHNICITY,LANGUAGE,ADDRESS,CITY,STATE,ZIP,PHONE,EMAIL,ACTIVE_STATUS,DATE_CREATED,LAST_UPDATED
9b058a7e-8981-4d4e-b3f3-420dddae016c,BU7868,Mark,Campbell,1977-08-26,Male,Female,Hispanic,Emilyborough,English,200 Katherine Square Suite 533,South Alanport,IA,91436,+1-751-298-3197,munozrobert@example.org,True,2025-03-31 02:44:36.130449,2025-03-31 02:44:36.130449
e74b66dd-1b64-4301-85e8-f002bc8429fb,wy4598,Margaret,Cruz,1940-06-22,Female,Male,Black,Conradbury,Spanish,73867 Jones Locks Apt. 012,Lake John,UT,68237,(687)785-2935x6418,hcontreras@example.com,False,2025-03-31 02:44:36.130730,2025-03-31 02:44:36.130731
8f0522ee-daeb-4ec2-a755-6f8fef1e20f3,tZ3256,Christopher,Smith,1932-02-11,Female,Male,Hispanic,South Justinborough,English,7377 Leah Drive Suite 654,Lake Steven,VI,79540,+1-555-541-2202,bonillakathryn@example.org,True,2025-03-31 02:44:36.131017,2025-03-31 02:44:36.131017
af4865d8-8a0c-407f-88fe-055d3daf9ce4,tK1099,Teresa,Thomas,1959-10-28,Male,Non-binary,White,Potterchester,English,598 Martinez Mountain,Danielhaven,TX,64553,+1-586-825-8290x86679,davidchavez@example.com,False,2025-03-31 02:44:36.131295,2025-03-31 02:44:36.131296
0c498ade-9d9d-4b59-b1e5-18747ebc1031,aE8713,Phyllis,Mendoza,2012-09-16,Female,Female,Black,South Mike,Chinese,455 Matthew Branch,Kevinview,WI,55067,388-451-8674x420,shelly69@example.net,False,2025-03-31 02:44:36.131504,2025-03-31 02:44:36.131504
7410718b-a531-45e4-8142-582568a0a70d,fG8561,Matthew,Johnston,2022-05-01,Male,Female,Black,Michelleview,Other,99032 Weiss Keys,South Kristen,NC,48640,+1-662-781-7100x921,andersonkevin@example.org,True,2025-03-31 02:44:36.131756,2025-03-31 02:44:36.131756
e86135fd-62d4-450a-94bf-ccc5f676103f,kh3832,Theresa,Green,1941-03-07,Female,Female,Black,Sherrybury,Other,58892 Cheryl Springs,New Devinside,PW,87166,479.657.9669x59348,terrimartinez@example.org,False,2025-03-31 02:44:36.132002,2025-03-31 02:44:36.132002
1de987c6-dc10-4f5a-8fc1-ef557fbbc4fb,UR3217,Jeremy,Turner,1937-04-11,Female,Female,Hispanic,Lake Mary,Other,9477 Mccann Prairie,Smithborough,NH,79194,(359)878-6469,barbaraperez@example.net,True,2025-03-31 02:44:36.132262,2025-03-31 02:44:36.132262
d35481e7-6aea-4698-b29e-c298190e1cf7,iq2565,Michelle,Sanchez,1983-03-28,Male,Male,Black,Wagnerland,Other,204 Buck Oval,Christopherton,KY,41073,290-766-6138x515,plucas@example.net,False,2025-03-31 02:44:36.132499,2025-03-31 02:44:36.132499
48efad41-83cf-48fe-a8aa-70e8cf986488,Pj8419,Jimmy,Watson,1958-02-14,Female,Female,Other,New Robertton,Chinese,6402 Flowers Prairie,East Hunter,NC,36684,(794)251-2427x59175,nchen@example.net,True,2025-03-31 02:44:36.132728,2025-03-31 02:44:36.132729
aa9ee929-1a1f-4869-8f73-0dc1203c3a35,Ag2170,Margaret,Wilson,1955-04-08,Female,Non-binary,Black,New Jasonport,Creole,1636 William Street,West David,KY,52505,001-680-748-6196,stephaniewilliams@example.com,False,2025-03-31 02:44:36.132979,2025-03-31 02:44:36.132979
6ac2e0db-21e6-4313-a7d2-0e09ba3e8f1a,uE8883,Richard,Aguirre,2012-08-13,Male,Other,Hispanic,Nixonborough,Spanish,442 Ortega Knoll,Younghaven,DC,66392,400.577.0666x942,greentammy@example.net,True,2025-03-31 02:44:36.133273,2025-03-31 02:44:36.133273
2b5913e4-a65a-400f-8311-413b8d2e76fb,pW2340,Victoria,Drake,1951-03-15,Male,Other,Hispanic,Port Sherryview,Creole,915 Payne Groves,Jordanborough,MI,30538,(470)576-0114x1804,jeremytate@example.org,False,2025-03-31 02:44:36.133541,2025-03-31 02:44:36.133542
e75f620a-2a97-420c-ae6e-15eb9375fc0a,FL2963,Amber,Martin,1986-06-16,Male,Female,Hispanic,West Cindy,Chinese,7721 Rebecca Ranch Suite 190,East Mollystad,NJ,36563,+1-406-842-1132x75663,john55@example.org,False,2025-03-31 02:44:36.133765,2025-03-31 02:44:36.133766
95dd421c-d5f4-4202-828e-e5af577c71e5,UY9005,Tony,Cherry,1950-10-17,Female,Non-binary,Hispanic,Jaclynton,Chinese,285 Mcgrath Grove,North Tammy,MN,35308,519.994.4473,kyle30@example.org,False,2025-03-31 02:44:36.133999,2025-03-31 02:44:36.133999
33411f2a-c0cf-46a4-9a34-1ca0eb71359b,pa3305,Alexis,Cruz,2006-04-18,Female,Male,Hispanic,East Justin,Chinese,99805 Ryan Gardens Suite 089,Port Markhaven,RI,38493,509-698-6751x8396,robin52@example.org,False,2025-03-31 02:44:36.134223,2025-03-31 02:44:36.134224
95479ccb-9279-420b-8459-2a8c0976061d,jl9792,Danielle,Davis,1937-05-26,Male,Male,Asian,West Larry,Creole,28218 Norman Cove Apt. 922,New Melissafurt,UT,33195,317.771.5624,waltersashley@example.org,True,2025-03-31 02:44:36.134481,2025-03-31 02:44:36.134481
99225115-1ed6-4f3d-9116-1d70f3d61c0a,Qa2023,Jody,Johnson,1961-12-12,Male,Other,White,Durhamland,Chinese,009 Samuel Extensions Apt. 778,Port Ashley,PA,63923,+1-461-602-8343,pacestephanie@example.org,False,2025-03-31 02:44:36.134731,2025-03-31 02:44:36.134731
06c3b0f5-c9bd-46c0-9f6d-5a3c0545ae8c,TL8453,Amanda,Holland,1989-08-06,Female,Female,Hispanic,Galvanstad,English,0595 Danielle Forks Suite 457,North Patrick,VT,23236,2588777739,vlambert@example.com,False,2025-03-31 02:44:36.134958,2025-03-31 02:44:36.134958
8637b8af-77c9-40ec-89ca-6d27dfb66b3a,XW3762,Anthony,Watts,1997-07-05,Male,Female,Black,Anthonyburgh,Spanish,76572 Kathy Garden,North William,NV,11836,840.306.7777,andrew18@example.org,False,2025-03-31 02:44:36.135164,2025-03-31 02:44:36.135164
285e9369-bdb8-4d62-a695-11c55975d6f7,zG5151,Jonathon,Castro,1993-06-21,Male,Male,Black,Larryburgh,Chinese,832 Crystal Square Suite 554,West Ronniefort,RI,71749,(288)926-6361x3787,perryann@example.org,True,2025-03-31 02:44:36.135404,2025-03-31 02:44:36.135404
c2f0fa0f-c6d0-4c90-b6ac-09142c4998c5,Ye1351,Paul,Holt,2013-11-23,Female,Non-binary,Hispanic,Greentown,English,6928 Heather Trail Apt. 564,Port Brian,MH,93418,(882)585-7877,jasonstone@example.com,True,2025-03-31 02:44:36.135654,2025-03-31 02:44:36.135655
9e4f97d1-920b-4bfb-a3bc-f0c121a7d5f9,WY9059,David,Arias,1977-03-23,Male,Male,Hispanic,East Riley,Spanish,580 Justin Mountains Apt. 590,South Krista,AK,52974,+1-670-436-4373x61827,kristenmitchell@example.net,False,2025-03-31 02:44:36.135895,2025-03-31 02:44:36.135896
6e5f1eaa-972a-4fd0-88fb-1b15a4810223,oM6539,Heather,Meyers,1965-05-10,Female,Other,White,Smithville,Spanish,35280 Kristen Way Apt. 750,South Jameshaven,VT,58738,976.918.3470x354,amiller@example.org,False,2025-03-31 02:44:36.136133,2025-03-31 02:44:36.136133
8c725fdf-78e1-45a1-b335-b3267ffbfe79,Zv7099,Katherine,Mcintosh,1974-08-29,Female,Female,Hispanic,Evansview,Creole,72919 Melissa Throughway Apt. 950,South Robert,DC,76704,694-956-8284,iconley@example.com,True,2025-03-31 02:44:36.136364,2025-03-31 02:44:36.136364
f4737d48-6cc1-440e-a5b4-e70a5984b4af,Ys5144,John,Cisneros,2002-05-17,Female,Female,Asian,Williamsshire,Chinese,71577 Smith Keys,East Kevinville,DE,38118,(649)901-4721x3801,kevinfreeman@example.com,False,2025-03-31 02:44:36.136623,2025-03-31 02:44:36.136624
10f9aca7-f13f-4742-b62a-0b55da75b66c,ew1197,Sherri,Owens,1987-11-14,Male,Non-binary,Asian,New Tammy,Creole,03933 Miller Manor Suite 979,Martineztown,NH,91652,(753)477-7765x14887,jwalker@example.com,True,2025-03-31 02:44:36.136872,2025-03-31 02:44:36.136873
3ce6d84c-50d5-4916-a45f-b70b8d1ccb0e,AT9976,Patrick,Giles,1962-02-13,Female,Non-binary,Other,Lauraport,Spanish,281 Figueroa Run,South Nicole,WY,23900,(821)550-4798x782,heather59@example.net,True,2025-03-31 02:44:36.137109,2025-03-31 02:44:36.137109
008ff068-1c28-4aaf-aa9b-113f0d6a551b,af3705,Joanna,Hall,2012-04-26,Male,Female,White,North Nicholasmouth,English,737 Farley Ferry,Whitneyville,TN,48700,+1-467-379-0586x04101,mannangela@example.org,True,2025-03-31 02:44:36.137374,2025-03-31 02:44:36.137375
c5b82afe-1e63-4127-8fbd-3a426e1f31b9,Nf4196,Debra,Khan,1969-09-01,Male,Other,Other,Patrickborough,Spanish,772 Stephanie Knolls,Scottside,AS,42729,(323)709-1432,davehopkins@example.org,False,2025-03-31 02:44:36.137625,2025-03-31 02:44:36.137625
7aa3b770-3fe7-4822-9f1e-4295d6197573,fy2859,Randy,Costa,1952-06-28,Male,Other,Black,Williambury,Chinese,4087 Wade Run Suite 971,East Jonathan,WA,36018,001-451-648-1754,nicole16@example.com,True,2025-03-31 02:44:36.137857,2025-03-31 02:44:36.137857
8db652f5-2c97-4447-95fc-157f5d82818a,nT7172,Steven,Edwards,1971-11-25,Male,Non-binary,Black,West Stefanie,English,17275 Johnson Lock Suite 513,South Mike,WV,91883,545-256-1377,raymond84@example.net,True,2025-03-31 02:44:36.138093,2025-03-31 02:44:36.138094
f959fe0a-24d9-4d2e-a313-30bdd96e85dc,qE4315,Robert,Good,1929-10-28,Female,Female,White,South Morganview,English,5448 James Canyon,East Alejandroburgh,OH,98244,455.777.2216x3815,bradwilliams@example.com,False,2025-03-31 02:44:36.138353,2025-03-31 02:44:36.138353
386f6b3c-e821-4ee0-968c-8ac07d8a39d1,AU5560,Nathan,Gordon,1974-12-06,Female,Non-binary,White,Brittanyside,Spanish,13942 Nichols Track,Webbmouth,NE,19632,(243)735-8163x26670,sheenajacobs@example.org,False,2025-03-31 02:44:36.138631,2025-03-31 02:44:36.138631
d1db1f2f-8f30-4a15-97b7-e6a1c667b9cc,kU2425,Patricia,Simon,1998-02-02,Male,Female,White,Port Vanessa,English,49668 Clayton Loaf,West Joshuaview,MS,62855,+1-420-358-2936x80368,aaronboone@example.org,False,2025-03-31 02:44:36.138897,2025-03-31 02:44:36.138898
40187b38-9429-477a-a12f-efb7efb1ffdd,mI4623,Mark,Hayes,1931-12-13,Male,Other,White,Cartertown,Chinese,298 Michael Rapid,Lake Ellenborough,GU,03059,001-755-948-9814,cunninghamjessica@example.org,False,2025-03-31 02:44:36.139167,2025-03-31 02:44:36.139168
fe056f01-70b4-4a49-bae7-c42fbfc26b49,lo4113,Thomas,Allen,1979-10-10,Male,Other,White,Emilychester,English,9401 Johnson Corners Suite 136,New Erikachester,IA,98442,(719)517-2512,georgesylvia@example.org,True,2025-03-31 02:44:36.139425,2025-03-31 02:44:36.139425
6220b1a8-7ab3-4ad1-8913-f46d3c313e96,Wu5626,Jason,Garcia,2019-06-28,Female,Other,Other,North Michael,Spanish,7509 Christopher Unions Apt. 259,Nicoleville,VT,10685,962.484.0438x5377,kellyschultz@example.com,False,2025-03-31 02:44:36.139663,2025-03-31 02:44:36.139664
2464c215-d599-4a50-b256-f27b9ef4ca82,Ki1387,Peter,Tucker,1966-01-24,Female,Female,Asian,West Angela,Other,254 Jordan Cliff,Jeffersonstad,MD,48382,001-907-248-9941,parkerheidi@example.com,False,2025-03-31 02:44:36.139918,2025-03-31 02:44:36.139918
81ee9bb3-b4ef-4515-8400-a0cdfb77fce4,HZ0900,Matthew,Lee,2006-08-26,Male,Female,Black,Charlesborough,Other,27496 James Orchard Apt. 283,Frankside,ME,38782,676-648-1131x85617,tyler66@example.com,True,2025-03-31 02:44:36.140129,2025-03-31 02:44:36.140130
358496f7-efcc-4e5c-8032-40418e8321ba,ab6422,Melissa,Nelson,1953-01-20,Male,Female,Hispanic,Houstonmouth,English,83936 Franklin Course,Davistown,AK,17689,654.991.0383x51167,kimberly92@example.org,True,2025-03-31 02:44:36.140386,2025-03-31 02:44:36.140387
04f6932a-f96e-4435-80dd-b057ba07d527,oQ9296,Suzanne,Gill,1980-12-18,Male,Non-binary,Asian,Davidbury,Creole,3299 Kevin Land Suite 746,North Edward,ND,30989,(653)535-6720x35317,amiller@example.net,False,2025-03-31 02:44:36.140623,2025-03-31 02:44:36.140623
a6294249-791c-4800-905f-0990406fa824,WS6385,Savannah,Miranda,1966-08-12,Female,Male,Other,Hollandborough,Creole,78539 Lopez Shoal Apt. 360,Fischerburgh,MI,42605,516.801.7789x6865,udunn@example.org,False,2025-03-31 02:44:36.140878,2025-03-31 02:44:36.140878
898c8201-b2c5-4ad7-bc78-13fdeaafca32,OX8543,Colleen,Thompson,1997-03-17,Male,Female,Asian,West Russell,Chinese,3510 Maldonado Tunnel Apt. 414,South Ronald,CO,63985,7406166199,natasha27@example.org,False,2025-03-31 02:44:36.141099,2025-03-31 02:44:36.141099
ade18c0b-dee3-4b01-a853-3bdff19c7b6d,YC1604,Adam,Kelley,1964-01-08,Female,Other,Hispanic,Thomasberg,English,4171 John Square,Leebury,TX,72533,508-344-4594x712,afowler@example.org,False,2025-03-31 02:44:36.141334,2025-03-31 02:44:36.141334
1d2ab333-fafa-4023-aafe-ac22fb362e00,MR4768,Marcus,Johnson,1999-12-11,Female,Other,White,Yvonneville,Other,874 Keller Trail,East Alex,TX,19599,+1-264-931-8789x105,wileywendy@example.org,True,2025-03-31 02:44:36.141578,2025-03-31 02:44:36.141578
bd31d925-cd01-4fc4-98cc-bd8c20f59231,uq1143,Marilyn,Hernandez,1945-11-22,Male,Non-binary,Black,South Nicholas,Other,850 Jennifer Crest,South Brandi,WI,81298,+1-343-598-7812x76826,hparsons@example.net,True,2025-03-31 02:44:36.141792,2025-03-31 02:44:36.141792
8009df0b-943e-4b01-8e15-5d74b70fd54f,MC3701,Alison,Brooks,1966-09-30,Male,Female,Black,Leeborough,English,772 Sanders Court,Marktown,AK,12942,488.625.3942x17549,matthewpark@example.org,True,2025-03-31 02:44:36.142077,2025-03-31 02:44:36.142077
bbd9d6f3-a877-4c36-bf7b-67a3850d09a7,Na6951,Matthew,Schwartz,1925-07-11,Female,Non-binary,Asian,Weberfurt,Other,07303 Ford Terrace Apt. 516,Sanchezside,MA,70111,+1-949-596-3401,vernonhahn@example.org,False,2025-03-31 02:44:36.142369,2025-03-31 02:44:36.142369
3bee41dd-1746-4aa6-9240-824a9972713f,OD1261,Melissa,Scott,2009-09-17,Male,Male,Hispanic,North Sandrabury,Spanish,09675 Thomas Street,Davisborough,FM,03432,(200)622-3355x6223,sierra24@example.net,False,2025-03-31 02:44:36.142601,2025-03-31 02:44:36.142601
dc320111-fc3f-49f8-830d-e5f0586ae897,iD8139,Tami,Hinton,1964-07-24,Female,Other,Hispanic,New Sergioland,Other,0711 Hale Brooks Apt. 428,Spencerland,DC,81589,(306)365-1616,wtanner@example.net,False,2025-03-31 02:44:36.142848,2025-03-31 02:44:36.142848
016d05a6-bea8-478f-8af0-a62748499055,Ni9969,Victoria,Williams,1979-11-16,Female,Male,Other,West Randy,Spanish,142 Hodge Camp,North Jeffery,NJ,20192,8225194649,nancy80@example.net,False,2025-03-31 02:44:36.143081,2025-03-31 02:44:36.143081
58ecd6c6-832f-45c0-8b9f-851320330084,qM7016,Scott,Williamson,1973-06-15,Female,Non-binary,Other,East Isaiahport,Spanish,9348 Richard Cape,Normanmouth,NC,42424,650.432.5152x300,jacquelinecraig@example.com,True,2025-03-31 02:44:36.143345,2025-03-31 02:44:36.143345
a952b449-d6cd-4e3c-8308-39ba28da32cf,rx7559,Sydney,Lopez,1937-11-13,Female,Other,White,New Brianview,Creole,439 Moore Row Apt. 473,South Michelle,MD,30191,288-262-1404,davilatamara@example.org,True,2025-03-31 02:44:36.143611,2025-03-31 02:44:36.143612
c0470bdb-1c3d-4ae9-8dee-cc3468f3aadc,PU3014,Alec,Pruitt,1972-04-21,Female,Female,White,New Shannon,Creole,4794 Little Parks,Donaldton,MS,76124,001-374-754-0503,qturner@example.net,False,2025-03-31 02:44:36.143851,2025-03-31 02:44:36.143851
b44ae8ef-835e-47b3-a503-b2a43b7d1008,VT1874,Ashley,Arnold,1975-03-31,Female,Male,Asian,Bartonchester,English,6973 Bill Mission Apt. 291,Lake Kylehaven,WY,85300,612-473-4769,meganclark@example.net,True,2025-03-31 02:44:36.144122,2025-03-31 02:44:36.144122
30aaca49-be55-4526-ada7-052b7412e6f3,Fg8597,Kelly,Duncan,1966-05-19,Female,Other,Black,Marquezborough,English,63713 Blankenship Mill,Connerburgh,SC,74659,896-315-3455x3251,acortez@example.com,False,2025-03-31 02:44:36.144380,2025-03-31 02:44:36.144380
e95b6756-fe39-485a-836a-6dbc03434742,Xf2711,Rachel,Terry,2010-11-22,Female,Male,Asian,New Regina,English,74863 Garcia Divide Suite 778,North Kimberlyside,OH,29183,805.767.4988x51201,jamesmatthew@example.org,False,2025-03-31 02:44:36.144630,2025-03-31 02:44:36.144630
55caf645-b501-4551-a169-ae3dcadbade2,Qp1003,Christopher,Price,1924-07-26,Male,Female,White,South Denisefurt,English,31333 Danielle Coves Apt. 107,North Sherry,ID,80286,(473)314-9328x38616,walkermisty@example.net,False,2025-03-31 02:44:36.144869,2025-03-31 02:44:36.144869
079cce95-3b95-4e94-af0f-4231d1f8a34b,ME8450,Cory,Chase,2007-05-01,Female,Other,Asian,Lauratown,Chinese,4388 Anderson Springs Suite 478,Lewisstad,WV,27424,277.539.7951,stephen05@example.com,False,2025-03-31 02:44:36.145098,2025-03-31 02:44:36.145099
1100e5d4-035a-4fa1-999d-9045d79294cd,en9373,Molly,Wilson,1951-09-15,Female,Non-binary,White,New Oscar,Chinese,1388 Johnson Square Apt. 153,East Kenneth,MI,08567,001-645-852-2956x716,megan68@example.net,False,2025-03-31 02:44:36.145313,2025-03-31 02:44:36.145313
f4954e38-3ee2-494a-b0c8-2a1d1b05e8dc,LX1189,Brenda,Smith,2013-12-02,Female,Female,Hispanic,Maryport,English,0931 Valentine Mount Suite 979,Howardberg,RI,52154,+1-208-977-7089x8710,ugonzales@example.org,True,2025-03-31 02:44:36.145540,2025-03-31 02:44:36.145540
b576f081-0280-47c8-94fc-689f0bd729b0,ME9849,Deborah,Williams,1969-07-30,Male,Non-binary,Black,East Coryhaven,Spanish,7464 Roy Grove,Hendersontown,MT,83641,499.311.0613x5013,jessica86@example.org,True,2025-03-31 02:44:36.145754,2025-03-31 02:44:36.145754
66769ca0-cc11-4e2b-9551-ad88f0affeeb,UP9848,Corey,Juarez,1994-06-13,Female,Other,White,Lindaborough,Creole,5628 Simpson Street Apt. 922,East Patriciaburgh,WI,68704,(408)510-5683x21722,ericlewis@example.com,True,2025-03-31 02:44:36.146010,2025-03-31 02:44:36.146010
92819b82-f1d5-4715-a67b-15b144b21ef3,Fu3901,John,Quinn,1977-10-16,Male,Non-binary,Hispanic,Hooverburgh,Chinese,1309 Cook Vista,West Michaelberg,NH,50797,332.825.4169x0970,reynoldsmichael@example.net,False,2025-03-31 02:44:36.146265,2025-03-31 02:44:36.146265
33f8dc6f-17c2-45dc-90ce-510156e8f436,iA5950,Megan,Wilkins,1958-07-09,Male,Male,Asian,East Kevinhaven,Spanish,7615 Keith Wells Suite 493,Port Tiffanyberg,RI,79836,+1-710-419-9622x62368,ericksontyler@example.com,False,2025-03-31 02:44:36.146522,2025-03-31 02:44:36.146522
355a5d4b-04f6-4c93-8df4-24e99f98b4d9,jq4018,Harold,Knight,1937-01-03,Male,Other,White,Lake Kimberly,Other,7524 Collins Grove Suite 777,Thomashaven,IA,72452,2027633807,laura64@example.com,False,2025-03-31 02:44:36.146764,2025-03-31 02:44:36.146764
0d4e1e99-f90f-4b46-8cda-34ec963e1cd7,QD7810,Crystal,Davila,2021-03-08,Male,Female,Asian,South Joelfurt,Spanish,0030 Bruce Street,Lake Jessica,PR,41038,(695)573-8835x48698,bakermark@example.net,True,2025-03-31 02:44:36.147022,2025-03-31 02:44:36.147023
e5e4a33b-7d10-427c-9099-babcf96cd882,RH1084,Christina,Bailey,1984-10-02,Male,Other,Hispanic,Nicolestad,Spanish,790 Craig Loop Apt. 850,West Richard,AR,82738,(633)810-0240,juliacampbell@example.com,False,2025-03-31 02:44:36.147273,2025-03-31 02:44:36.147274
6e0690ba-175d-4998-b4ac-1b22bfcf4cc5,aD5761,Teresa,Moore,1979-06-20,Male,Female,Other,West Jasonborough,Creole,855 Debra Loaf Suite 407,Weberfurt,MH,73214,6045574532,jcoffey@example.org,False,2025-03-31 02:44:36.147515,2025-03-31 02:44:36.147515
80ff6571-14c6-4488-9a2f-1dc80055fbbe,am5621,Justin,Robinson,2021-09-12,Male,Female,Other,North Sandramouth,Chinese,628 Williams Extensions Apt. 293,East Douglas,RI,45173,(396)768-6780,gbowers@example.com,False,2025-03-31 02:44:36.147758,2025-03-31 02:44:36.147758
1a5eefa2-5fc7-413d-817a-2a49a662495d,cw5272,Bryan,Koch,1931-02-02,Male,Male,White,Port Ronaldborough,Chinese,174 Hansen Plaza,South Justinstad,MS,83389,9429249882,barbara87@example.org,True,2025-03-31 02:44:36.147985,2025-03-31 02:44:36.147990
f5bba583-8736-4f9c-b3fc-d6953349104e,WU6309,Shelby,Blackburn,2017-01-08,Male,Non-binary,Asian,New Cassandrafurt,Spanish,674 Donna Terrace,Jeffreyside,FM,63393,+1-761-621-6996x438,lpatterson@example.com,False,2025-03-31 02:44:36.148218,2025-03-31 02:44:36.148218
55b048a5-71ea-4ec5-a8ba-b4ad90225523,Ip9450,Eric,Torres,1956-08-20,Female,Female,Other,New Albertburgh,Other,314 Nicholas Vista,East Joshuamouth,GA,06842,+1-978-479-6946,melissa42@example.net,False,2025-03-31 02:44:36.148432,2025-03-31 02:44:36.148433
3f850d9f-9da6-4fde-a8bf-1bdcb7485cbd,Ep1551,Kimberly,Knight,1994-06-02,Male,Non-binary,Asian,Carpenterchester,Creole,2469 Marc Grove,New Rachel,MS,88566,(505)235-0402,masonblackburn@example.net,False,2025-03-31 02:44:36.148692,2025-03-31 02:44:36.148693
1aa63dd4-5529-4ef2-b89f-6df3ee9ee529,nz9754,Tina,Taylor,2015-02-03,Male,Male,Asian,New Robertstad,Chinese,7071 Fernando Drive Apt. 204,New Catherinehaven,WA,11244,461.832.0161,fjones@example.com,True,2025-03-31 02:44:36.148917,2025-03-31 02:44:36.148918
5f3fca8f-235d-4f9c-b260-339c7bcc8e87,sk8043,Jennifer,Ewing,1970-03-06,Female,Other,Asian,West Rachelberg,English,1328 Samantha Fall Suite 058,East Natalieberg,HI,05516,470.798.2444,tom40@example.org,False,2025-03-31 02:44:36.149127,2025-03-31 02:44:36.149127
f57e7379-4dc8-4695-a518-040a6a295673,Jq0771,Cassandra,Harris,1977-09-13,Male,Other,Hispanic,Lake Michael,English,9829 James Well Suite 516,New Kristin,LA,96328,583.924.5402x935,jensenmiranda@example.net,False,2025-03-31 02:44:36.149365,2025-03-31 02:44:36.149365
f902fd5c-62c3-4584-b449-800bc465fae4,mM4629,Kristina,Gonzalez,2010-02-16,Female,Non-binary,Hispanic,Port Brianborough,Chinese,7653 Mark Groves Suite 933,South Hollyside,SD,35947,253-900-8196x807,lovecristian@example.com,False,2025-03-31 02:44:36.149604,2025-03-31 02:44:36.149604
130a380a-ba31-4455-bbce-12c55ca1dee8,JS8828,Angela,Peck,2007-10-14,Male,Non-binary,Hispanic,North Maxwell,Chinese,82468 Emily Islands,Port Thomasside,AL,28096,001-870-937-1949x610,smiller@example.org,True,2025-03-31 02:44:36.149817,2025-03-31 02:44:36.149817
e989ace6-4508-4e51-8c15-bcfcd0a37d42,LL0788,Emily,Leonard,2024-12-15,Male,Other,Other,Jacobsonmouth,Creole,722 Ferguson Ranch Apt. 444,South Ivan,WI,24841,463-249-1279x5568,gillespiecaitlin@example.net,False,2025-03-31 02:44:36.150084,2025-03-31 02:44:36.150084
5ad18d05-57c0-48fb-9dc5-ee8d4eacaba8,Ym0279,David,Gibson,1992-05-16,Female,Other,Other,West Dennistown,English,0979 Smith Trafficway Suite 840,Hooverport,MO,88973,512-380-3337x6340,andrea00@example.net,False,2025-03-31 02:44:36.150312,2025-03-31 02:44:36.150313
0e7eb173-f335-4897-b665-8b75a97ce41a,RH8236,Caleb,Mcintosh,1933-02-20,Female,Female,White,Trujillomouth,Spanish,64764 Robert Curve,Laneville,WI,51586,+1-706-790-2112,donald79@example.com,True,2025-03-31 02:44:36.150533,2025-03-31 02:44:36.150534
9b22900f-ad13-430c-8986-c29492c61492,bF9814,Corey,Cummings,1939-11-09,Female,Non-binary,Black,Lake Markport,Chinese,067 Warner Walks Suite 443,Andrewtown,MT,94408,+1-211-876-4676x633,ymcdonald@example.com,True,2025-03-31 02:44:36.150760,2025-03-31 02:44:36.150761
a9bea427-b763-4a71-b80b-74a54d71062f,rI6040,George,Ayers,1979-09-12,Female,Non-binary,Hispanic,Lake Tanya,Creole,828 Donaldson Park,Port Kellyburgh,SD,86731,(939)254-1102x7660,james82@example.net,True,2025-03-31 02:44:36.150992,2025-03-31 02:44:36.150993
ec162e58-7158-4a43-8649-112e6298857b,HN5738,Courtney,Franklin,1957-11-28,Male,Non-binary,Hispanic,Woodville,Creole,323 Ronald Extensions,Hendersonburgh,DC,72031,979-406-5145x741,michaelhorton@example.com,False,2025-03-31 02:44:36.151263,2025-03-31 02:44:36.151264
c0abb337-2ddb-434d-8bd4-bbf91c19c64b,Vd7245,Ricardo,Bates,1925-02-04,Male,Male,Asian,North Davidton,Spanish,8912 Jessica Street,Lake Tiffanyhaven,SD,41852,373-205-1183,austinsparks@example.net,False,2025-03-31 02:44:36.151513,2025-03-31 02:44:36.151514
748791a7-4319-474c-8c7f-a5a983aec596,FD7075,Derrick,Bailey,1954-01-12,Female,Other,Other,Paulport,English,4304 Nathaniel Locks Suite 843,West Steven,VA,82818,222.667.6974x72609,hillerica@example.net,False,2025-03-31 02:44:36.151779,2025-03-31 02:44:36.151780
eaafbb11-4f3b-476d-8ae5-47e84703ecdf,zu3762,Michaela,Simmons,2002-10-01,Female,Other,Hispanic,East Matthew,Spanish,63124 Brian Hill Suite 914,New Josephville,RI,82577,001-820-735-3929x15852,pgreer@example.com,False,2025-03-31 02:44:36.152076,2025-03-31 02:44:36.152076
a91715a3-3950-4871-a5ed-65b332d7c5fa,Wo6600,Elizabeth,Lawrence,1927-05-21,Male,Male,Other,West Cassandraport,Other,64437 Lawrence Oval,Barreraland,OR,65381,315.298.7722,blackburnsteven@example.com,True,2025-03-31 02:44:36.152351,2025-03-31 02:44:36.152351
56e19b0a-868f-4c1b-a3e3-012d52db4c39,RM7256,Traci,Lynch,2004-04-20,Female,Female,Black,North Mitchell,Other,070 Caroline Pine,Moorehaven,GA,72963,(539)402-3904x5942,rosskimberly@example.org,False,2025-03-31 02:44:36.152625,2025-03-31 02:44:36.152626
a16108d8-fea4-49ae-a297-d999cae87bfa,qk4411,Felicia,Johnson,2023-07-13,Male,Male,Black,Pricetown,Creole,026 Brenda Spring Apt. 142,Benjaminport,LA,72332,001-532-465-1303,brittanycarney@example.org,False,2025-03-31 02:44:36.152883,2025-03-31 02:44:36.152883
629fbbc5-27e5-4589-8fa4-a2932f4bf083,GZ6250,Nicole,Bass,1938-10-31,Male,Female,White,South Jamiestad,Chinese,21516 Emma Fall,New Tina,CA,87313,001-202-532-6041x45384,watersangela@example.net,False,2025-03-31 02:44:36.153123,2025-03-31 02:44:36.153123
00952112-e794-4e4e-b30f-fb362fd5eda8,Zm8774,John,Henson,2002-09-16,Female,Other,Black,New Laura,English,1181 Jonathan Knoll,New Derrick,OH,98490,+1-431-330-1401x543,mparrish@example.org,True,2025-03-31 02:44:36.153335,2025-03-31 02:44:36.153335
b4f5c8cf-c7d4-4571-b99d-e9ff74e12aee,xa1055,Steven,Jones,1962-04-17,Male,Other,Hispanic,Lake Marcushaven,Chinese,1892 Trevor Loaf,New Wendymouth,NH,85570,+1-325-727-5216x3717,robinsonphillip@example.net,True,2025-03-31 02:44:36.153571,2025-03-31 02:44:36.153571
831ef4a5-e560-4ae2-b0aa-ba9a8d8ae060,CW6803,Sarah,Parker,2000-09-07,Female,Non-binary,Black,Lake Traviston,English,5042 Williams Extensions,Lake Amandaside,NH,73458,551.246.3653,guerralatoya@example.org,False,2025-03-31 02:44:36.153815,2025-03-31 02:44:36.153816
daaf7b03-aede-493b-85d8-eebc343660d0,uV4477,Nicholas,Pratt,1924-11-22,Female,Other,Asian,Port Melissa,Spanish,208 Michael Squares Apt. 665,Williamchester,OR,59024,342-880-6430,johnrussell@example.net,True,2025-03-31 02:44:36.154056,2025-03-31 02:44:36.154057
e7eb4869-8ae6-420c-a03a-9cf8eca44626,eq4605,Lauren,Mendoza,1940-12-27,Male,Other,Asian,Halemouth,Other,64536 Erica Roads Apt. 743,Lake Carolyn,DC,55351,001-482-678-1556x07698,lisa09@example.com,True,2025-03-31 02:44:36.154273,2025-03-31 02:44:36.154274
065075f2-f731-4d1e-beb7-0410a6c11d85,Is2767,Jordan,Massey,1968-03-29,Female,Non-binary,Asian,East Susanview,Spanish,811 Ian Crossing Apt. 314,Johnathanmouth,KY,91085,001-301-421-4106x56524,chad67@example.net,False,2025-03-31 02:44:36.154494,2025-03-31 02:44:36.154494
36b453cb-ca56-49d2-bf02-682110479736,Bx7210,Todd,Calderon,1996-08-25,Male,Male,Hispanic,Port Alyssamouth,Spanish,480 Sexton Cliff,Karashire,CA,71516,(413)233-1191x1848,copelandjoshua@example.net,True,2025-03-31 02:44:36.154757,2025-03-31 02:44:36.154758
